{
  "openapi": "3.1.0",
  "info": {
    "title": "RAG (Prometheus-wrapped)",
    "version": "0.2"
  },
  "paths": {
    "/metrics": {
      "get": {
        "summary": "Rag Metrics",
        "operationId": "rag_metrics_metrics_get",
        "responses": {
          "200": {
            "description": "Successful Response",
            "content": {
              "application/json": {
                "schema": {}
              }
            }
          }
        }
      }
    },
    "/admin/health": {
      "get": {
        "summary": " Health",
        "operationId": "_health_admin_health_get",
        "responses": {
          "200": {
            "description": "Successful Response",
            "content": {
              "application/json": {
                "schema": {}
              }
            }
          }
        }
      }
    },
    "/admin/version": {
      "get": {
        "summary": " Version",
        "operationId": "_version_admin_version_get",
        "responses": {
          "200": {
            "description": "Successful Response",
            "content": {
              "application/json": {
                "schema": {}
              }
            }
          }
        }
      }
    },
    "/up": {
      "get": {
        "summary": " Up",
        "operationId": "_up_up_get",
        "responses": {
          "200": {
            "description": "Successful Response",
            "content": {
              "application/json": {
                "schema": {}
              }
            }
          }
        }
      }
    },
    "/admin/ping": {
      "get": {
        "summary": " Ping",
        "operationId": "_ping_admin_ping_get",
        "responses": {
          "200": {
            "description": "Successful Response",
            "content": {
              "application/json": {
                "schema": {}
              }
            }
          }
        }
      }
    },
    "/admin/budgets/summary": {
      "get": {
        "summary": " Budgets Summary",
        "operationId": "_budgets_summary_admin_budgets_summary_get",
        "responses": {
          "200": {
            "description": "Successful Response",
            "content": {
              "application/json": {
                "schema": {}
              }
            }
          }
        }
      }
    },
    "/admin/rollup/today": {
      "get": {
        "summary": " Rollup Today",
        "operationId": "_rollup_today_admin_rollup_today_get",
        "parameters": [
          {
            "name": "ns",
            "in": "query",
            "required": false,
            "schema": {
              "type": "string",
              "default": "default",
              "title": "Ns"
            }
          }
        ],
        "responses": {
          "200": {
            "description": "Successful Response",
            "content": {
              "application/json": {
                "schema": {}
              }
            }
          },
          "422": {
            "description": "Validation Error",
            "content": {
              "application/json": {
                "schema": {
                  "$ref": "#/components/schemas/HTTPValidationError"
                }
              }
            }
          }
        }
      }
    },
    "/admin/debug/state": {
      "get": {
        "summary": " Dbg State",
        "operationId": "_dbg_state_admin_debug_state_get",
        "responses": {
          "200": {
            "description": "Successful Response",
            "content": {
              "application/json": {
                "schema": {}
              }
            }
          }
        }
      }
    }
  },
  "components": {
    "schemas": {
      "HTTPValidationError": {
        "properties": {
          "detail": {
            "items": {
              "$ref": "#/components/schemas/ValidationError"
            },
            "type": "array",
            "title": "Detail"
          }
        },
        "type": "object",
        "title": "HTTPValidationError"
      },
      "ValidationError": {
        "properties": {
          "loc": {
            "items": {
              "anyOf": [
                {
                  "type": "string"
                },
                {
                  "type": "integer"
                }
              ]
            },
            "type": "array",
            "title": "Location"
          },
          "msg": {
            "type": "string",
            "title": "Message"
          },
          "type": {
            "type": "string",
            "title": "Error Type"
          }
        },
        "type": "object",
        "required": [
          "loc",
          "msg",
          "type"
        ],
        "title": "ValidationError"
      }
    }
  }
}